activity,age_group,participation_rate
Walking (Recreational),15-17,30.3
Walking (Recreational),18-24,34.2
Walking (Recreational),25-34,41.9
Walking (Recreational),35-44,47.5
Walking (Recreational),45-54,58.7
Walking (Recreational),55-64,66.0
Walking (Recreational),65+,55.8
Bush walking,15-17,14.6
Bush walking,18-24,17.3
Bush walking,25-34,20.3
Bush walking,35-44,21.4
Bush walking,45-54,19.7
Bush walking,55-64,19.5
Bush walking,65+,9.6
Running/jogging,15-17,26.6
Running/jogging,18-24,26.7
Running/jogging,25-34,27.7
Running/jogging,35-44,20.9
Running/jogging,45-54,15.8
Running/jogging,55-64,8.5
Running/jogging,65+,1.8
Swimming,15-17,17.6
Swimming,18-24,16.3
Swimming,25-34,16.6
Swimming,35-44,18.3
Swimming,45-54,16.7
Swimming,55-64,16.0
Swimming,65+,9.7
Cycling,15-17,6.7
Cycling,18-24,5.6
Cycling,25-34,7.1
Cycling,35-44,9.3
Cycling,45-54,11.6
Cycling,55-64,12.0
Cycling,65+,5.6
Golf,15-17,2.4
Golf,18-24,2.8
Golf,25-34,3.5
Golf,35-44,3.4
Golf,45-54,4.8
Golf,55-64,6.9
Golf,65+,6.1
Surfing,15-17,2.2
Surfing,18-24,1.3
Surfing,25-34,1.6
Surfing,35-44,1.8
Surfing,45-54,1.8
Surfing,55-64,1.4
Surfing,65+,0.5
Canoeing/Kayaking,15-17,0.7
Canoeing/Kayaking,18-24,0.6
Canoeing/Kayaking,25-34,1.0
Canoeing/Kayaking,35-44,1.1
Canoeing/Kayaking,45-54,1.3
Canoeing/Kayaking,55-64,1.5
Canoeing/Kayaking,65+,0.7