RANK,NAME,STATE,TYPE,GIS_AREA,AREA_KM2,LONGITUDE,LATITUDE,source_records
1,Munga-Thirri—Simpson Desert,SA,National Park,3605436.06,36054.36,137.403583,-26.688814,2
2,Kati Thanda-Lake Eyre,SA,National Park,1350741.32,13507.41,137.51036,-28.536511,1
3,Karlamilyi,WA,National Park,1283729.17,12837.29,122.737319,-22.33252,1
4,Judbarra / Gregory,NT,National Park,1223522.77,12235.23,130.390754,-16.469795,3
5,Munga-Thirri,QLD,National Park,1014431.67,10144.32,138.354117,-25.56755,1
6,Limmen,NT,National Park,805920.88,8059.21,135.249171,-15.345164,4
7,Witjira,SA,National Park,717353.49,7173.53,135.902259,-26.369654,1
8,Kosciuszko,NSW,National Park,688944.64,6889.45,148.376016,-36.014641,1
9,Murray - Sunset,VIC,National Park,665846.82,6658.47,141.627735,-34.815522,1
10,Alpine,VIC,National Park,662436.51,6624.37,147.06115,-37.029819,1
11,Southwest,TAS,National Park,628616.58,6286.17,146.193828,-43.18217,1
12,Karijini,WA,National Park,624428.0,6244.28,118.274386,-22.968318,1
13,Matuwa Kurrara Kurrara,WA,National Park,609321.05,6093.21,121.705091,-25.706471,1
14,Prince Regent,WA,National Park,584817.35,5848.17,125.256281,-15.543148,1
15,Lake Torrens,SA,National Park,568759.17,5687.59,137.648479,-30.63715,1
16,Lake Gairdner,SA,National Park,556894.25,5568.94,135.854899,-31.497699,1
17,Diamantina,QLD,National Park,511216.17,5112.16,141.422979,-23.799444,1
18,Wollemi,NSW,National Park,505561.85,5055.62,150.546706,-32.975018,1
19,Burringurrah,WA,National Park,482603.13,4826.03,116.686281,-24.620141,1
20,Staaten River,QLD,National Park,468791.09,4687.91,142.736483,-16.600184,1
21,Franklin-Gordon Wild Rivers,TAS,National Park,463565.89,4635.66,145.960779,-42.460797,1
22,Drysdale River,WA,National Park,447673.31,4476.73,127.046201,-14.924713,1
23,Wyperfeld,VIC,National Park,359855.2,3598.55,141.801633,-35.601129,1
24,Sturt,NSW,National Park,345565.7,3455.66,141.824372,-29.216153,1
25,Currawinya,QLD,National Park,343867.49,3438.67,144.491139,-28.505572,1
26,Kennedy Range,WA,National Park,316825.42,3168.25,114.954569,-24.681662,2
27,Carnarvon,QLD,National Park,301340.24,3013.4,148.086293,-25.036362,1
28,Girringun,QLD,National Park,300459.54,3004.6,145.755835,-18.348275,1
29,Fitzgerald River,WA,National Park,285675.49,2856.75,119.555972,-33.944652,1
30,Cape Arid,WA,National Park,277672.62,2776.73,123.434366,-33.568676,1
